emotional_stability,relationship_conflict,support_from_partner,work_productivity,mental_health,social_interaction,physical_health,stable_emotional_state
9.438730222029186,6,6,9.409839652427594,9.929937887441183,10.0,9.103823590864893,1
9.456995087269515,3,7,9.062658843457113,9.09896570752253,9.706119108950267,9.366471597979375,1
7.233431532301095,10,2,7.267130371519165,7.094034331637861,7.6026435163824315,8.129345326497731,1
6.853654606981312,7,5,7.674333279744127,7.593307758705984,5.539031340366638,5.964930040009008,1
8.302635465239034,4,0,6.531416242275766,6.393279377731741,7.245730557715757,7.946787437422245,1
8.045724149980643,6,6,9.71720669198395,9.364026474833313,10.0,8.027172691146438,1
5.435861653407008,9,0,6.508933626568874,5.508542177736349,4.553620411691112,5.630338998181432,0
10.0,2,8,10.0,9.588506855437819,10.0,10.0,1
7.3213572154502735,6,0,7.979070823664864,7.232123061228824,7.029683776793234,7.888164723239627,1
5.421920754235285,10,0,5.4513457407762695,5.384350109255804,5.42466627760749,6.518912116769544,0
8.413711269058647,10,6,9.423003123008876,6.682509965613721,9.698149461334562,8.924135619404906,1
7.253534301513979,7,1,8.141255502126047,8.748472528967215,8.779805207840367,7.843195482075963,1
8.95584336470935,4,4,8.424782298297815,8.997168996979969,8.822868292374446,6.8989532479389295,1
10.0,3,7,9.139597340654648,10.0,9.534108335774153,10.0,1
9.789470488924641,7,7,9.94225493181762,10.0,9.722365950697984,10.0,1
5.872392184863007,7,2,8.195922412105787,4.851229727302707,6.2779412187415495,6.820015737804592,0
10.0,2,6,8.14133938651915,10.0,10.0,9.099943993496067,1
8.801172742310898,5,2,6.599884843682238,8.533531651412105,8.80624857310388,7.9444216849556595,1
9.202436496640008,4,5,9.449577758494783,10.0,9.945100054267792,8.45610561877133,1
10.0,1,5,10.0,7.872772579648505,10.0,10.0,1
6.949944412967473,7,2,7.209956909523085,6.850850112726204,7.407515947685215,8.293989784368945,1
9.425576453471542,5,6,9.791506250334294,8.82275579768758,9.799559880677277,8.89587831399246,1
9.92692817571613,1,2,9.592124793763922,10.0,8.104235185608049,10.0,1
10.0,4,7,10.0,10.0,6.843123835805124,10.0,1
10.0,0,9,7.598644032285227,9.292374105177974,10.0,9.838428489688832,1
4.959949117405706,9,3,3.7172035802353376,4.247775253229663,4.84616003986866,4.685149618642347,0
9.094505063224972,5,0,8.939622923001401,8.983839694667642,8.476765853327281,10.0,1
6.053038651681673,8,3,3.588255434950422,5.156396424366465,6.345274896705287,6.476289813504864,1
10.0,0,6,9.736218393351892,10.0,9.92751552496371,10.0,1
5.846609886396285,10,10,8.338815134988312,5.477402685948839,7.199946187156963,4.738717850499764,0
5.261038252310498,10,3,5.29236798475444,2.3540500329888565,5.364371294221272,5.934570464949466,0
5.676910206592502,9,5,6.022961565170527,5.302088149970696,4.780602264508301,4.988948893837535,0
10.0,2,8,8.10975285224113,8.961456179156027,10.0,8.869926916914762,1
8.009817089342635,6,0,7.085274977283419,6.378541273881689,7.7492597994071915,7.99568981119717,1
9.011849654822276,3,4,8.44905508433637,7.7744230165997035,9.643693675229045,9.190407878051422,1
10.0,8,10,9.52342735486565,10.0,9.42710715256864,10.0,1
10.0,2,6,10.0,10.0,9.220207737403076,9.760610439611836,1
7.675168616491377,4,0,8.511705207579064,7.988353090356357,7.776170492714213,6.205936268161288,1
7.400594285126427,2,3,5.7334073497208795,6.794090896910688,7.41598865737885,7.755508217869129,1
10.0,6,5,10.0,10.0,10.0,7.302967951189721,1
6.910427533236405,4,1,7.657760155981583,6.451337223017413,6.5880526292647135,6.7908837158508595,1
7.054601253043107,8,9,8.764824810825008,6.360000883879962,4.850969512518631,7.075434120026816,1
9.22257043200964,6,4,10.0,8.068207763776655,8.703241771703574,10.0,1
10.0,1,10,8.477358712258198,8.24817119324828,10.0,10.0,1
10.0,3,9,8.783713733184493,9.610076293440555,9.643148704908272,9.345359495419967,1
6.56390912005236,8,0,4.677542331680435,6.721962609972492,6.268249037034902,6.368110901033447,1
10.0,1,5,9.648970211339527,9.903376329985111,10.0,9.004042920206128,1
7.853415558780307,9,5,8.552953120449809,7.437448630832948,6.9990476860696,6.386934237530305,1
7.658928589786766,8,3,9.139930364670418,6.713182529089984,5.807564727895286,8.06179180298159,1
7.881191423969375,9,7,7.767264888505592,8.489437615654344,7.688434080538782,6.225530210793797,1
9.004201103951877,4,3,8.52442981906961,7.687069184005292,8.423192362453392,8.465186133208455,1
10.0,1,7,10.0,10.0,8.840504416296096,8.706273852130991,1
9.846035411133323,3,7,8.59332105868829,8.843818392206598,9.635581264054895,10.0,1
7.9193249231332254,6,4,10.0,7.16688968578019,8.509131699829366,10.0,1
5.707043185804615,7,3,3.295551645127527,4.240257995188938,5.695896911923236,4.014978808160285,0
9.20166037320525,2,1,9.478771241548836,8.700258226319614,9.570037660428735,6.79273634543841,1
10.0,0,10,10.0,10.0,10.0,9.837647049044913,1
7.996410682784228,3,2,8.006610449624224,8.512038771228184,7.584956048915151,8.016817817529315,1
10.0,1,2,9.714941447497758,10.0,10.0,10.0,1
8.7920022863446,7,3,8.255834152128958,9.314144832278535,8.180946251225638,8.21178561653995,1
10.0,3,3,9.729412477356389,8.89633017146963,8.984368336135633,9.739168911526939,1
10.0,1,9,10.0,9.669210775672443,9.298110815898676,10.0,1
9.510371863429663,5,10,6.192578996435403,8.7301727343122,8.935861577603637,10.0,1
10.0,5,10,10.0,10.0,10.0,7.458436598586232,1
5.717512606461691,9,4,3.581576877786473,4.5207239600353795,8.5364035505026,5.23789133572079,0
9.175366850002975,3,3,8.775388356151353,10.0,8.316114726471966,9.453318282126357,1
10.0,5,10,9.356133369552007,10.0,9.500049633261446,8.806631064006043,1
10.0,1,9,10.0,10.0,9.924252384266502,10.0,1
7.70537550614596,9,7,5.308188978320338,7.295688913516463,8.180334124597657,6.879342661848602,1
9.665974505081795,1,5,10.0,10.0,9.982235479427537,9.612294011972327,1
6.398632356048786,9,5,9.435096790979065,8.680284192587628,7.939547308786526,7.121461081943764,1
10.0,3,7,7.955238993110784,9.382358323066303,7.08832951535775,9.231329774557537,1
6.707006266468332,7,6,6.9915655178839256,5.171966018935972,3.8426904222335243,4.306461304322589,1
10.0,6,9,9.007026733305086,8.119989966092236,9.40494619358782,9.442749115008507,1
8.98036220107332,8,10,9.619193010362872,9.69307422993465,10.0,10.0,1
9.752489954417147,7,9,9.781211620540775,7.869339746358563,7.8737123164904315,9.314526289596467,1
10.0,4,7,9.037769636433536,9.627680947062077,6.390841192367492,8.899635408103327,1
10.0,1,1,10.0,10.0,10.0,10.0,1
10.0,4,8,10.0,10.0,10.0,9.569992635170031,1
6.070594458874747,7,0,5.784238771283799,6.496039323058919,4.762344370715431,5.407385401129464,1
7.722297503032284,9,7,8.801934416254557,7.944587358833138,6.539649982167168,7.916590419594586,1
9.543298029036388,8,10,7.603388592229642,10.0,8.379605565474778,10.0,1
6.948860070325705,8,3,5.514205505098692,5.996543689586908,7.081502451294433,10.0,1
10.0,0,3,10.0,9.323004861541468,9.248421668580391,10.0,1
6.498008312193245,8,4,8.724182354997193,5.725348866922421,7.0908850149638685,8.005800268498092,1
8.437099082449052,6,7,8.970519105627542,9.267290894311662,5.011547086963782,7.77934302376484,1
5.797394728200307,8,4,5.327807682415576,6.69779331659537,4.769172490046948,4.463766190439988,0
10.0,7,7,9.998937108135031,10.0,8.648735246906739,10.0,1
10.0,0,9,8.124388399045424,10.0,9.69239118595301,10.0,1
5.807094802204093,7,0,6.713867791737143,4.629053934827712,5.161437492015926,4.405028238430116,0
8.481592734430802,7,9,9.805092327915915,10.0,9.43900527030572,8.253709845555585,1
8.294924376944442,10,8,7.616788877694821,9.8181629986567,6.0637202509523735,8.814037259179312,1
10.0,2,5,9.294936778360748,10.0,10.0,10.0,1
10.0,0,2,10.0,10.0,10.0,10.0,1
7.926509375756131,7,7,7.271429771695238,6.269886168078358,10.0,8.304763524934808,1
10.0,2,8,9.900801078061267,9.475551863737348,9.42188083468783,9.340888742948927,1
9.664652946740242,2,5,10.0,8.929349486058289,10.0,8.996582132096746,1
10.0,0,10,9.629461448881004,10.0,7.835364648925163,8.441363182607962,1
5.612401580970487,10,6,5.0748913529386535,4.562260841368341,2.7420541357948585,7.932609131911111,0
8.309820710227028,4,0,7.338508001774289,9.067315859564513,9.323549961165067,8.327306184232109,1
7.333776880932099,9,4,8.450064838182005,8.704313024928812,7.327104528554415,7.041467908398792,1
8.613799097451498,6,4,8.341962837624344,9.309001997535496,10.0,7.4063693915633015,1
8.01471234112229,9,9,7.040652783640152,8.298463364783792,6.366628874358591,10.0,1
6.770179300266574,8,3,8.752135348676092,5.782305959365825,7.394061867701077,5.37485285837681,1
8.54381147197911,6,5,10.0,7.696960505853745,10.0,7.986309168691214,1
7.652997998371511,8,6,6.7523626497634535,8.902616903668177,8.15664472840023,8.19358588554339,1
9.86387911679491,7,8,7.064069189753987,10.0,10.0,10.0,1
10.0,1,0,10.0,9.960980480622457,10.0,10.0,1
10.0,0,5,8.973055261359994,9.582090454234109,8.114942251448905,10.0,1
7.430197020420923,6,6,8.616135419165076,5.404389147309546,9.056884543273341,8.08820197251985,1
7.511717951648745,6,2,4.556562225080992,6.440865532964306,6.778688783882666,6.138877911692076,1
10.0,7,7,10.0,10.0,10.0,9.665971337341684,1
8.396325432030268,4,4,6.579567538109097,7.115869861027802,6.520684264144764,8.79650751629832,1
10.0,2,8,10.0,10.0,8.584648402590663,10.0,1
9.37770081407644,7,4,9.399110415831093,10.0,10.0,7.560553692124855,1
9.346411758292005,5,8,7.915502629197038,8.091489090289713,8.929649011542594,10.0,1
8.268983079185274,10,9,7.658428609795103,8.453693553966357,10.0,8.502871759595616,1
10.0,2,3,10.0,10.0,9.90612320912978,10.0,1
10.0,0,8,10.0,10.0,7.789722672450571,9.867406868373289,1
9.996419639897638,2,4,10.0,10.0,10.0,8.901257220733413,1
10.0,4,9,10.0,8.331400741121804,9.29212921869327,10.0,1
10.0,2,8,7.653637582433423,10.0,10.0,10.0,1
9.950722454933992,0,2,10.0,9.777920717537528,9.98097549598209,10.0,1
7.676059733237744,4,3,7.832593639522563,8.44797988807442,5.8243178597063,7.658763707245518,1
7.934083468259226,9,8,6.585907395774534,8.375390619958472,8.13123718670391,7.1543148379434225,1
8.930026768941357,6,9,6.934556330332872,8.19687057183136,10.0,6.903603675410363,1
10.0,6,10,9.71631941383445,10.0,10.0,10.0,1
4.944104353796373,10,5,6.326579521683062,3.0862029023980857,4.875083050189817,5.495160680973555,0
6.630880232214457,8,1,6.439556551648155,7.234127732785851,7.921292314562734,5.3753628094913095,1
8.133528961608924,9,6,10.0,8.43168742759945,8.386331119852658,7.433383186323312,1
3.806264357428544,9,1,1.629500822351206,4.444924526071647,4.057705433743897,3.1994779018916715,0
10.0,2,10,9.981866578230917,10.0,8.690049793409077,8.072120238422857,1
8.527668992473291,6,1,6.649078825853612,8.895288832683002,8.808286623420809,7.464681876886617,1
10.0,0,10,10.0,10.0,10.0,8.526020536151739,1
10.0,3,0,10.0,9.118931663338708,8.99672541747997,9.463777284545682,1
10.0,3,10,9.36885730947842,9.28777923635095,10.0,9.039693252171569,1
10.0,4,10,6.093679215059298,10.0,9.889952771025849,7.884893602873227,1
9.944230922342294,6,10,10.0,10.0,8.878907508496045,10.0,1
8.158326912521723,6,2,8.813434740121988,7.920216476209669,9.355485404826016,9.786629862859723,1
6.576005391412411,10,5,7.182447523854957,6.622008138665685,6.231852308526488,5.56328014343643,1
10.0,3,7,10.0,9.095385625006234,10.0,10.0,1
8.479326406920634,6,8,6.872745887447062,9.65208325218808,8.12921604821039,9.022031023688317,1
6.969360824036078,10,6,7.9896849822117515,7.634777647727856,6.8975694518001935,8.517772435241598,1
8.48628550309502,2,3,10.0,10.0,9.07855774829617,7.422098968436918,1
8.8887739386513,5,5,6.220892562641524,8.010450861471561,9.237850407759307,10.0,1
9.79609235853521,1,4,10.0,9.418084459516994,7.401454221993124,9.083815463066195,1
6.864470057410233,9,7,6.1082003108987255,7.095915979935805,5.518977569296963,5.127848931991036,1
7.236093175210438,8,0,7.113809165557969,7.882582712936208,8.351385156959417,8.177470702319283,1
9.091310120594269,4,0,9.612824845901773,8.875642483046636,8.932746213912413,10.0,1
10.0,5,10,9.26915715382967,9.1270389095463,9.371522436674294,10.0,1
8.90768723532742,3,5,7.894125116585003,9.789094764250992,7.277398417018452,7.348044390710143,1
7.383591550305197,10,9,7.434820176537234,8.10472691285078,6.087907964774179,8.292187140910222,1
7.013097699979183,9,1,5.382228791684979,6.096823599415458,4.586939332024846,6.480356083047591,1
8.341716913639903,6,4,6.712979220312125,9.6971597147454,8.220180051198064,9.360083237321144,1
8.319329539981695,8,0,9.33838946441645,9.4895282491783,7.601204443284439,6.407693123381069,1
9.193317839394373,6,6,7.4701267866563885,9.327614336642165,8.033412370211995,7.55171713098624,1
10.0,0,0,10.0,10.0,9.918251889798457,8.991362729883571,1
10.0,0,3,10.0,10.0,10.0,10.0,1
8.533540904782283,8,8,5.944830811596388,7.671837834526025,10.0,7.700135258282421,1
4.8475301636194565,10,0,3.831183185115974,4.877561642783538,3.0332700601436002,5.704300810706902,0
7.608108676688591,8,3,9.39927278125965,5.455725132079411,8.999365928649217,8.94307168042388,1
10.0,3,5,8.528251703290477,10.0,10.0,10.0,1
6.71401053949205,8,5,6.017404146027968,5.152517317050191,5.77909925224001,8.818434471051178,1
9.768767046442221,2,7,10.0,10.0,10.0,10.0,1
5.163794626896704,6,0,6.338880390820597,4.833674532930253,4.614634727691565,3.581828903454486,0
9.807991326912544,5,6,9.430682997845802,9.596324344981367,10.0,10.0,1
5.396633393826127,7,0,4.5003681017886645,4.7688994877416215,7.207590609911588,4.60993028753833,0
4.647109407047517,10,6,6.780664199595279,4.359070533125441,5.373836886205092,5.830653456638758,0
6.9885786045309635,8,2,9.596928100227332,8.407109949679,7.598908652411094,9.034433086052601,1
10.0,4,10,10.0,7.51219134346492,9.483628816054429,10.0,1
10.0,0,7,10.0,10.0,8.219132002090799,8.054993542885956,1
10.0,2,2,8.78760141753861,10.0,9.749838147351511,8.80632418353727,1
5.581829358547565,9,0,4.336162748712717,4.37480771069035,7.029759144384263,7.3013971654982415,0
8.501110346808858,7,7,9.284881504707494,7.42579795375962,6.6685089189012805,8.281250855473196,1
6.519076482987768,10,2,7.146673814320794,8.195469510195972,5.252969241175734,6.622522078412584,1
7.509725455811348,5,1,9.612123345230993,6.564218575868617,7.66124673929223,8.49619719682404,1
6.767392314071903,7,0,7.743067452876112,5.614041803475944,5.585806572255188,7.672612034776323,1
6.921697806196013,8,2,4.6670773535562855,8.059012348560742,5.970669669657758,7.284137562297112,1
8.131909546356951,3,1,9.70983097294133,8.470462422642866,7.623591248283138,7.860640663770345,1
10.0,0,1,8.502909059028381,9.062074423463601,8.361259114971821,9.593531020547935,1
10.0,0,5,9.424043092071473,10.0,8.831053784540359,10.0,1
4.744254840507155,9,0,5.119555149884697,3.7185021568668777,5.588368340651925,5.463895230895287,0
9.336509843570404,3,1,10.0,10.0,7.767666104893247,9.002019842767277,1
7.601532018208963,6,5,10.0,8.662902983082096,5.684085456815158,9.008278025100045,1
10.0,1,2,10.0,10.0,9.243970024559326,9.83225565033128,1
9.890881003355798,2,3,9.616086075275216,10.0,10.0,8.783720176721086,1
10.0,0,0,10.0,10.0,9.763693830403733,9.013338091425652,1
10.0,4,7,10.0,9.999686327388225,9.442502706261259,8.727636912797305,1
10.0,0,6,9.518998561664212,8.818125874579199,10.0,9.645866978415206,1
9.117766299200287,7,6,10.0,9.567240212032594,7.022917379768705,10.0,1
10.0,0,2,10.0,10.0,10.0,8.953376264660339,1
8.257810306351862,10,9,9.004424939988954,7.24305081316601,8.717932344036235,8.502828795675397,1
10.0,0,9,10.0,9.638537233306014,9.508829831085135,9.146303850684363,1
8.78816376764984,1,2,9.420543683571523,9.204609805751293,9.99527318180554,8.44976201399697,1
8.734886336924628,1,1,9.993297087629045,8.680981487918888,7.381891018180982,6.7718327613438,1
7.194775295645332,5,0,6.268895515824948,6.212471715268018,8.548266087549615,6.908075597741833,1
8.190487797840717,6,6,7.353035166921671,9.312345654071187,8.375880196555018,7.938670804094267,1
9.613028697014554,4,6,7.962797347557013,10.0,9.209165589160746,10.0,1
10.0,0,1,10.0,10.0,9.976151637558026,10.0,1
10.0,0,6,10.0,9.095931710263999,9.87128228102687,8.442090237562342,1
10.0,2,7,10.0,8.451039474946525,10.0,10.0,1
9.986501643826202,1,0,10.0,10.0,8.694486690860986,10.0,1
10.0,4,8,9.99160597175643,10.0,9.084976913024082,10.0,1
5.3245334336461285,9,6,6.327645917034897,5.79970118014151,6.568096904133104,5.312596374245448,0
7.160664606181245,5,2,5.523113291972274,7.1582607652623915,6.4460226839606145,6.487579924792359,1
8.955912444278384,6,7,8.375262890566782,8.366640792489079,10.0,9.239055485951729,1
9.090305257158892,3,6,10.0,7.998141624440803,10.0,9.70857022386605,1
10.0,6,10,10.0,10.0,9.51784596767004,7.729035601250779,1
8.630750832343697,10,7,8.189800410847424,9.544522453729282,9.448385624234064,7.930361743793773,1
9.218761851697316,7,5,9.111362973910216,7.673032065006582,7.834331114089486,8.88733079017265,1
7.186557129069793,10,8,4.909746509048579,8.776396107250477,8.092237086751163,7.519578916472354,1
10.0,0,4,9.464456198790085,10.0,10.0,10.0,1
8.248667457202112,5,2,9.584242202481791,9.648262102347905,8.81631339579437,7.245404398226295,1
6.76291402888196,7,2,7.62572155304181,5.420786280396845,5.988227542439486,6.115563628018766,1
7.38659733645906,4,0,8.137595918530874,6.020773181043621,5.393297237778453,6.720302992618545,1
10.0,3,7,10.0,9.851030690232703,10.0,8.958014132864095,1
9.411823181458772,1,1,9.422417919401036,9.914607608353966,6.935739398483426,8.96048073781283,1
8.270416222375488,5,2,7.279934513165317,10.0,7.889595631684446,9.27245910835985,1
9.760573981049864,5,7,10.0,10.0,10.0,8.390587837076215,1
7.103046020153414,10,7,7.734505436737499,6.860364743341381,7.333323303201057,7.659204733852189,1
10.0,0,10,10.0,8.973630792334108,10.0,7.787527100976163,1
8.09064627478634,8,3,7.30159401078497,9.320646847505492,9.320777257884469,7.360906879411473,1
6.849554135441324,10,3,3.6195397556344577,5.884848709690609,6.064876069450633,6.421218045157943,1
7.215102031550096,5,4,8.86083109918064,8.843570586322418,7.247878087371822,9.39241960633838,1
7.946078865098045,2,5,7.2278226810854385,7.6616942154915355,7.889234022044722,7.58883586891955,1
10.0,3,4,8.705836353935318,10.0,8.101387883984648,7.138383484513806,1
5.4331213015845785,10,6,6.473339669455569,6.112052591643857,4.304642601803355,2.8345657226649537,0
8.575234598107317,3,1,7.987215638228622,8.438239108664858,7.902321509731484,8.619473060358002,1
9.629886973940641,2,6,10.0,9.110490602114515,7.186422370513517,10.0,1
6.39801956241998,9,9,7.323528486785026,6.0571116850739,6.455011724321951,6.886112177335408,1
10.0,2,6,10.0,10.0,9.701113786416352,10.0,1
9.759155160302647,2,0,7.710221593501846,9.836311656520364,7.751682478728759,10.0,1
9.72348959927328,3,6,10.0,9.129678191204576,10.0,9.02202101231501,1
5.608957707855089,6,4,6.000833504705874,5.443326297537457,6.468005001484241,6.772341430689963,0
8.553755551747518,3,2,7.999839842878213,8.632332581466667,8.826196926385384,6.432136201213175,1
6.991804005402546,8,2,7.206886706415923,4.8630699109877344,6.602922195151782,5.81537182258306,1
9.421088431225872,0,3,6.756735581878392,9.87925654601457,10.0,7.071934617814511,1
6.983359919779155,7,1,7.596339137000161,6.003638695062349,7.799624352351184,6.626061028908425,1
7.2846901508270046,6,1,5.740632888553897,6.1313577476212595,7.653574434490631,7.224550568380759,1
10.0,1,0,7.970994571234698,8.31265565288929,9.010465299478287,10.0,1
7.819580368414154,7,4,5.536041589087317,6.025687870546263,8.151501287027571,7.900028727167429,1
9.926931059118445,0,3,10.0,8.571483556006156,10.0,8.721111729063198,1
9.196571501664492,10,10,8.252676411125309,8.487550544034,8.480616631330415,8.949258403927312,1
8.54147042697303,8,9,10.0,10.0,10.0,6.5947897577855565,1
6.272695460490068,8,1,5.468993265911621,5.746815784594864,5.641938339707607,8.044893128161993,1
9.166732040926803,1,2,6.605695104537383,9.344482147194835,9.205620456934966,8.772018146159402,1
8.35671774880849,6,6,6.681931088885502,8.757199135314819,7.5497350336008875,7.721165794051692,1
6.415197285973099,9,6,8.268914715983506,6.546262472188947,6.683122289077412,8.480819712950407,1
9.727053940076578,2,3,9.493206673171576,9.649610479350585,7.636387908914248,8.11213344646258,1
9.911708480142343,6,4,9.089277535406442,8.716414716543099,9.256458321562278,8.448445231900783,1
5.328098857068644,9,4,5.568126195847825,6.779026405347857,4.0175534166503635,3.9030124347395097,0
5.886438602123259,8,5,6.6391127063745765,7.693635245761144,6.048844619594008,5.798205805913932,0
10.0,3,8,10.0,8.317341305877314,10.0,10.0,1
10.0,0,1,10.0,8.97597140911362,10.0,10.0,1
10.0,1,4,9.46034703131637,9.720189657622994,7.15400876696933,10.0,1
10.0,0,2,8.010928470876943,9.035462205089809,10.0,7.075737809539007,1
8.294384460263137,4,3,7.674186718578223,8.800350013719003,8.64872038900818,9.085740726124879,1
10.0,4,9,10.0,9.271727797593387,9.0682010314084,9.2757302556561,1
7.177925871339269,10,5,5.732287482023353,9.342981939145872,7.3664793741283985,6.415586177783863,1
8.612088591854297,6,7,7.1763622195117325,9.802637186197893,8.823516378857528,7.8063848251242565,1
8.157308213265503,8,0,8.672990035590331,8.369882243897719,7.357089752923627,6.975907641215138,1
8.09428507699666,8,9,8.021306549640984,9.121271340316394,8.331785077807151,10.0,1
10.0,2,7,10.0,10.0,9.271033254855631,10.0,1
10.0,2,10,8.862256997949896,9.436052511941757,9.514765608771972,10.0,1
10.0,2,6,9.654398928691348,9.183782755458035,9.176465037093898,10.0,1
10.0,3,0,8.613650283597543,10.0,8.280794452312417,8.03371234511146,1
6.832004149065766,7,1,8.167301765752946,7.693640273563711,7.007007913324227,5.102087478335562,1
7.346582129653816,5,2,8.899456131739445,7.485642528307234,8.048941453473422,4.515224077800722,1
6.959972142939116,7,0,4.190690349581976,5.382975660748119,7.577832458230763,6.050733240778842,1
10.0,0,8,8.605733709711386,9.197175556049158,10.0,10.0,1
10.0,7,7,7.755206117364882,9.926027136405622,10.0,10.0,1
8.936535331082737,3,1,7.96149942947239,8.860869726756906,8.297264733222454,9.130679815460581,1
7.034678448687892,10,8,6.909521494002351,9.0072206254777,8.042275086005318,5.200304568301985,1
10.0,0,6,7.825532170452204,8.614012057601002,8.370978952189677,10.0,1
7.552873710470304,7,8,6.170083990782334,8.05846295230618,6.472068051455327,7.864389484181001,1
9.028385961489349,3,5,7.522449903367101,10.0,7.871345875781455,9.981356527395146,1
10.0,5,5,10.0,10.0,10.0,7.539409169132933,1
8.843105721028603,7,10,8.947122226582978,8.438708297844641,9.974451937996694,9.24804383746573,1
8.35308901731806,3,3,7.270482687312181,8.84451847003826,8.937855301772053,6.808994205425275,1
10.0,2,9,10.0,10.0,10.0,9.48347977168323,1
9.885704154662996,8,9,9.065684027782098,10.0,8.83056481576861,10.0,1
10.0,2,1,9.59251733451092,9.901154798760693,10.0,10.0,1
8.796047685805815,8,6,10.0,9.232023075305861,8.645838371746018,7.689045712092701,1
9.943204911430538,1,4,10.0,7.410958826210853,10.0,9.951360014470282,1
10.0,1,10,8.050628144608604,10.0,9.861730920937363,8.009004090183264,1
10.0,1,5,10.0,10.0,9.538068533907902,10.0,1
7.477320161157864,5,1,8.694414992895252,7.254845264379599,8.126410383431052,7.210450935812737,1
9.949166983544952,2,4,8.226772050416024,10.0,10.0,10.0,1
10.0,8,9,10.0,9.325065981209448,9.197985766183837,9.315508806775144,1
9.95623000940066,3,3,10.0,9.55315402033563,9.882939203777807,9.275581224472102,1
10.0,0,8,8.316182790633379,10.0,8.729871239630016,9.0065571773708,1
10.0,3,5,8.623745768478605,9.167938695150143,7.002326779008473,10.0,1
9.656481769619857,0,1,10.0,9.106366486683319,9.897033327316333,8.734221265092838,1
8.927840128081238,4,0,9.33508309431971,8.780814704650387,9.658526555586796,9.765814190220967,1
9.757013124897084,3,4,10.0,10.0,10.0,9.259825007927006,1
9.168592278863258,7,8,9.679476103464003,9.376394786216572,6.829118217558017,6.599839989004153,1
9.528468426412532,7,5,10.0,8.23584307926027,9.107449110320763,8.787060138290126,1
10.0,6,9,8.010291807533376,9.46783143687281,7.337982687938703,8.467159321328298,1
10.0,2,6,10.0,9.392645566787788,10.0,10.0,1
10.0,0,4,10.0,9.922778954776954,8.696734501458296,8.452469943623163,1
10.0,0,9,9.65591388389796,10.0,10.0,10.0,1
5.660790332660993,10,5,5.5955749079401995,6.078996088548966,6.7958339050819685,5.542391714202058,0
9.155190805978966,2,4,6.858529552145383,7.3791790519305644,8.074482382935692,8.924316012792605,1
8.533643410623998,5,10,9.30502554465075,9.597584398184855,7.174301469102705,9.386303189747856,1
10.0,6,8,10.0,10.0,10.0,10.0,1
7.896791634278317,5,5,7.803505108779351,9.281323681872223,6.883602789658632,7.87066325697777,1
10.0,5,10,10.0,10.0,10.0,8.997439610585921,1
9.323186700111078,5,7,8.822070853641167,10.0,8.743793591142776,7.01702619916531,1
9.607406697809102,2,1,10.0,10.0,7.470016600450342,8.715542013663368,1
10.0,5,8,8.470503491961827,10.0,7.32343837705065,9.19762407935765,1
8.560473488359746,7,4,8.525145262048389,9.082724124377524,8.832494586553262,8.699648177249731,1
6.216922561431061,10,6,5.955391174576807,6.119007314988157,5.543053265834311,5.768231615951626,1
7.532878286213588,10,9,7.8708401692750005,9.80531300666047,6.869170505916629,8.427191149880445,1
9.7825799504883,1,0,9.228289557238263,10.0,10.0,8.985701697836403,1
10.0,4,9,9.802791106492498,10.0,10.0,9.925846483091176,1
10.0,0,4,10.0,8.723695583461664,9.672946334365829,10.0,1
10.0,0,9,9.344853644142674,8.711692382536462,9.591281551708166,10.0,1
9.034877786049819,4,1,6.6250121349418,9.327593268191672,9.635049425786478,8.956828981854684,1
10.0,2,5,10.0,10.0,8.37167731636051,9.21747222548427,1
10.0,3,10,10.0,9.385877434991684,10.0,9.17679918427053,1
9.181021558703707,2,0,7.242627516045278,9.322004258315767,9.843284724890292,8.075224329866174,1
9.303168052044153,0,2,10.0,10.0,10.0,8.599859126526384,1
10.0,0,4,9.245537844172986,10.0,7.675896756997043,10.0,1
8.24864310620817,4,3,8.64387392920476,7.107634596455433,7.335016782437442,7.960188353528221,1
7.571383318250243,5,2,8.012719511770484,7.459874491107299,6.517467414862083,5.816678328054643,1
10.0,2,9,9.648388299525518,9.195033519147438,10.0,10.0,1
8.438283071433636,8,4,7.262634573054042,8.050583155025075,9.015176567155217,8.854237819922348,1
10.0,4,10,8.964188421525611,9.586384334370358,10.0,8.17097357933288,1
8.908833012598963,7,7,7.5345451393771,8.431187429994958,8.314874436157275,8.334429407185892,1
10.0,0,10,8.752266687654332,8.744864628026605,9.402913002028944,10.0,1
9.140753179488568,4,3,9.039985744414535,9.013098497970377,10.0,10.0,1
10.0,2,0,8.926360016333872,9.43939236315269,10.0,8.55945380426347,1
10.0,0,10,10.0,7.070551309997732,10.0,10.0,1
8.539237240844184,3,6,10.0,10.0,8.885710844455987,10.0,1
10.0,4,7,9.129920137944936,10.0,8.611460057544075,9.182749403403058,1
7.981158384882777,6,2,8.340265135685842,7.604857659957781,6.381404359149409,7.620390680364474,1
10.0,0,5,10.0,10.0,8.138185301129285,8.652797978414098,1
9.97318135126996,2,1,10.0,8.801527003952398,10.0,9.708681867865563,1
10.0,1,6,10.0,10.0,10.0,9.95243303335419,1
6.875701763710634,8,7,7.989725391250217,8.772990458483745,9.09493633337429,7.733246761217715,1
6.7909767427139744,9,5,7.51435017173496,6.9476704709604995,7.802703141501863,8.208215255040555,1
8.1494795457907,5,5,6.292985912299752,9.173010189976043,9.544885838832682,7.176954661782558,1
6.1194765501952775,9,4,7.423210646779188,6.294763329129202,5.423456951010856,3.5619539667014846,1
10.0,2,7,10.0,8.66327456112407,8.612301019907372,9.972381786940884,1
8.169904504351406,7,0,7.024975348083533,7.758081135387749,9.18999970325247,8.551503293310638,1
9.59467152982298,7,9,9.651578282994382,9.726599496594938,10.0,9.918914523813534,1
9.204116937964816,1,3,10.0,8.749569219221371,9.333050187173887,8.779441716203058,1
8.84460266822014,5,3,8.530631938851098,8.625949390785104,9.30944844497973,9.006780397783256,1
8.796631486645651,6,2,10.0,8.705231929136536,9.1844540655955,10.0,1
9.490217095680617,1,2,10.0,9.409338597815156,10.0,9.986471515331878,1
5.765982833327083,10,3,4.587003784374609,5.818241323824566,7.31996553510743,5.280603880823073,0
8.514688194729198,9,10,6.443121289998535,7.454083128332597,9.167752617537614,7.864431032504403,1
8.71510168691776,1,0,9.170829580325075,7.998085537789825,9.730065133993275,8.494293621936711,1
9.148280433843858,9,10,10.0,7.863696168143889,9.76515549675359,10.0,1
10.0,0,10,9.653700439232846,10.0,9.446596321558458,9.761709077615944,1
7.219532443907028,7,1,9.39942343888858,5.113885502066703,8.127410053802796,7.193799796030107,1
10.0,0,8,7.992091300415127,10.0,8.326605917368886,9.372992357782806,1
8.26254169967659,8,9,9.301919634224006,9.648891096939433,9.52721156243165,9.691220064351143,1
6.022381357827771,10,1,5.113590126689431,5.72020077084515,4.5889538301085295,8.570169788995848,1
8.327166847908233,5,4,10.0,5.724029760080934,8.670130792061912,8.912963812169037,1
10.0,6,8,10.0,9.63868943803271,8.98581524988861,10.0,1
7.500363814385398,9,8,6.350378932710377,7.436179653096579,8.16443059407471,7.548181497511903,1
9.324684725751885,6,7,8.500349021889015,8.31408650582297,9.283974454638393,6.2250859003304155,1
6.43259083187309,9,0,7.721972662342793,5.917372438064847,4.518883682077091,7.401286955443353,1
7.581634267066969,2,0,7.000938292382697,9.11182946593032,8.086473824289143,7.756050607861566,1
10.0,1,8,9.931883173101642,10.0,9.306495067800748,10.0,1
7.474343685429905,8,10,7.51242631624352,6.549779571051805,8.531719750405948,6.5494428331210885,1
9.862584103427182,7,7,6.983074369130697,8.26498493383175,9.86417492990847,9.362790160756962,1
7.6481418541075525,9,9,7.627385234966197,7.3211245364977815,8.122647036573198,7.113809436653428,1
10.0,6,8,8.965408338903739,9.786543220649563,8.850917253981745,10.0,1
7.235752401342611,8,6,6.496068167742953,7.731951588705928,6.528553723629777,6.74336461375859,1
9.284551303197036,3,2,10.0,8.749234590629378,8.734184939875735,10.0,1
10.0,3,2,8.115239658581116,10.0,10.0,10.0,1
10.0,0,1,10.0,10.0,10.0,8.34161254200555,1
9.761503576636398,7,4,9.343059181138686,10.0,8.795297474544947,9.594393395408854,1
10.0,2,2,9.580359747256248,9.951911492669227,10.0,9.152822341196659,1
9.524062525811463,6,5,10.0,9.340912054758167,6.92044962454062,6.671365315045431,1
10.0,1,1,10.0,9.643326865820129,8.566972718689254,10.0,1
10.0,1,2,10.0,10.0,8.84946585257587,10.0,1
7.648814283671466,6,4,9.101091274470757,7.021500837720163,6.025803856342598,8.341983796940571,1
9.681801116577693,5,10,9.184838541802709,9.727023825577676,7.781495048832598,9.896825874967309,1
10.0,2,10,9.081644898238375,10.0,10.0,8.20337716069983,1
5.829815377475072,8,0,4.202089587638374,5.32803118466354,5.572934140201638,5.201113096053004,0
5.046771950672725,9,0,3.808656155704292,3.6743064027886243,5.502058427798857,6.141086957891941,0
10.0,5,9,10.0,10.0,10.0,8.633413961282747,1
8.855305208570512,9,8,10.0,8.794301236715128,9.174045600377552,5.564005097444454,1
7.388406886291847,9,6,5.361795336979815,7.888647355728416,8.177722697672296,7.093169076176643,1
8.977530081055262,5,0,6.993843145939906,8.443929774616095,8.89409133756454,8.793245260819461,1
10.0,0,7,10.0,10.0,8.575607934033107,10.0,1
8.906340540720281,3,2,9.727237736787231,8.029566759508436,10.0,9.853414777289178,1
6.883177679397194,9,7,7.706503432373241,8.595217963415086,6.176243120059842,7.712065235297765,1
6.833463382926939,5,4,6.451029692596393,5.085826873098678,5.710747824412028,7.169864129744037,1
7.417319314157301,5,0,7.22913792415295,7.852089378714192,7.2038178631920236,8.971510118670023,1
6.678252491616716,10,6,7.170071777855752,7.153683174143339,5.5828793884609,4.703591776559406,1
10.0,4,4,10.0,9.204442932059118,9.49908354161268,10.0,1
10.0,0,5,6.671049440878697,10.0,10.0,10.0,1
6.975813175670795,7,5,6.631113729808004,8.255331845430954,7.393823262766147,5.364382203766484,1
10.0,4,7,8.72289034860953,7.783181160645936,8.922603920289244,8.046268208712894,1
10.0,4,8,10.0,10.0,9.414753552461507,9.030275235581719,1
7.882097703468616,6,1,10.0,5.388826883138538,9.171297309192909,7.022093828198736,1
10.0,3,8,10.0,9.034335196476793,10.0,10.0,1
9.54056076327652,5,10,9.070266234017923,10.0,10.0,8.741660344478097,1
10.0,3,9,10.0,9.418217966607946,10.0,8.886746926234435,1
10.0,2,8,10.0,8.826120035591028,10.0,9.204876142297072,1
10.0,6,9,10.0,9.802062271015318,8.334557739453038,10.0,1
10.0,7,9,10.0,10.0,10.0,10.0,1
9.811150578213727,3,6,10.0,7.979468331007701,9.747422416177434,9.578124245249741,1
8.380382566710988,1,0,6.684049913722115,7.329072655071644,7.719204402465089,8.23737541839962,1
7.440886246911203,9,6,8.151334362128384,8.938317930090829,7.642504655550238,9.120564681535683,1
9.931560634437147,2,9,8.54198893946484,10.0,10.0,8.957637389852932,1
10.0,0,4,10.0,9.896568775709715,10.0,10.0,1
7.852397413701332,7,5,6.47436764647219,6.6133447111746895,6.79822885209086,8.126042602299286,1
10.0,2,9,9.373949779592373,10.0,10.0,9.791454803432048,1
5.705296932733204,9,6,5.262662061376345,7.299739324482401,4.940191882242048,8.95646758004777,0
8.713600106569716,6,4,10.0,9.392547094331949,8.973619849326859,7.341268769831541,1
6.767299160338088,9,6,8.14498082625171,5.954896811400668,6.403279079365527,6.3075076729009805,1
9.230083164289713,4,8,7.361507099620136,9.181053823451677,8.967443662206962,7.6279225533765125,1
3.2277377867183503,9,2,3.3101389532181233,3.0673777056735196,4.147229356766962,4.465938348415371,0
10.0,4,7,8.935630217876241,10.0,8.751767536220923,10.0,1
9.072251596669744,6,1,7.1844942306567425,10.0,10.0,10.0,1
10.0,8,10,9.674474424363444,10.0,7.814696716846605,10.0,1
9.342903743413729,4,6,8.88017956073,8.26552766642897,8.6257025235079,9.085997135278973,1
9.69778793963822,0,1,10.0,10.0,10.0,9.222974668901418,1
6.8687742560750245,9,3,7.518213994116069,7.18190639608818,7.569951255797396,4.69625355183274,1
6.301614560811708,9,6,4.2351883096803515,6.988680356670624,6.181043696125662,8.948250156548038,1
10.0,0,2,9.152838993743586,10.0,9.931131156398148,10.0,1
10.0,1,1,10.0,8.888419750486449,10.0,9.360456023669672,1
10.0,5,10,10.0,9.964174421293537,9.722716627050783,10.0,1
8.599845923520046,8,9,6.220870955163109,8.068391372160832,10.0,7.335252051732045,1
8.096326249823035,7,6,5.276439672114467,6.5284668244575785,9.103545186900957,8.624934894312512,1
7.122017413243439,4,0,9.928465176301113,7.468727390848359,8.169406634450201,6.897599538665354,1
10.0,0,7,10.0,10.0,8.8406119319555,10.0,1
7.373521108098473,6,2,6.071082010283923,5.53344336359272,7.278254998811629,7.290875507156515,1
8.667365506816179,4,1,9.469309135999831,8.635084895766708,8.306806368351333,6.781159248371587,1
9.01358462623325,5,2,5.0599630177079336,9.654127561308023,7.806862975405891,9.111833910704298,1
7.396821049319654,6,4,7.401884309215395,7.519899250975835,7.829018070054574,8.760344433757625,1
10.0,2,10,10.0,9.88687194748426,9.354825090664221,9.962018672389819,1
7.328876398957431,9,7,8.715281608264176,6.029660035511607,8.115360994777715,8.336526057023242,1
10.0,2,9,8.479156071561194,10.0,8.715770124526802,8.64081166862373,1
9.052788320852176,4,6,9.181319062957215,8.29602434383625,10.0,9.018649289601369,1
6.875759739727059,5,6,5.487622800637678,4.685838034748505,5.800160549416585,6.063896148111908,1
8.68404539636105,8,6,9.067121029872526,9.87863761687478,8.947208201001573,9.655120488497174,1
10.0,4,7,8.656980516455464,10.0,10.0,10.0,1
9.718672442881786,0,0,9.106521184141455,9.770333419732866,9.033903926641651,10.0,1
9.466990717224872,3,3,7.973267625039529,9.696065405430575,10.0,10.0,1
10.0,4,5,10.0,10.0,8.5249796826395,10.0,1
6.337454143113458,9,8,7.625130818098456,6.56179379989154,8.07999538213253,6.692508107695195,1
5.270947322653705,9,1,4.919016467717585,6.17496487741502,5.287926440612615,3.9732713865888782,0
8.794264679621827,4,0,8.851621672061869,8.496782478747978,8.078570990059172,8.790642735754856,1
8.44571057683075,6,9,6.2728234548804345,9.757694315404697,8.086692449917829,7.752693054210167,1
9.09355793216663,3,1,8.64404296015645,9.414343658099314,10.0,8.646274788451136,1
10.0,0,6,9.924693074437382,10.0,9.298653649779475,9.513105604024673,1
9.066429982433526,4,2,10.0,7.796368893721494,8.167200755126192,7.792526735216608,1
9.664358517702516,6,9,7.99640797904127,9.951314372004225,9.398514600602029,7.119818351828329,1
4.184868184094491,9,1,6.381134042223147,3.3529132666000394,2.772513648770529,3.3162822212683936,0
9.664739354457172,9,10,10.0,9.026456627928678,10.0,9.916132641958578,1
8.565408423201951,5,6,8.986363029937156,7.75003279488583,7.885734913744283,6.812778264146214,1
7.489747562985619,4,1,10.0,6.423512631086394,8.487687706402104,7.510134470398731,1
9.300569197230942,3,2,9.858727406141236,10.0,9.551933297608269,10.0,1
10.0,1,10,10.0,10.0,8.818559139421637,10.0,1
9.284178181021604,3,6,9.204497201495286,10.0,9.277032529966329,10.0,1
6.461679849847972,9,3,8.297033173475914,5.238784830292408,7.402483185020869,6.970146089860516,1
5.928816500330573,9,0,7.5735203510468985,6.000070250241465,5.702902898227005,7.446579270212952,0
10.0,2,4,9.061484068755682,8.706492374795904,10.0,9.058845850391876,1
8.076441555277226,9,8,6.097570763379075,7.380746678080162,9.302260026615462,7.238799208148646,1
10.0,0,7,9.695529043906514,9.081873016583426,10.0,6.439117732021286,1
8.07240977935128,7,8,6.872351932754811,9.311993785792842,7.520821652623685,9.61439889560627,1
10.0,4,9,9.904713138076968,9.60377032189824,8.704189062662216,10.0,1
9.827860988014393,3,8,10.0,10.0,9.09155586157904,9.108730569062942,1
5.378649516505393,7,6,4.692697033875208,5.982770406093911,5.614138645305458,5.048512298188988,0
8.336559804157668,6,3,8.272324732190306,10.0,8.991503860396495,7.356539056359418,1
10.0,1,4,10.0,8.520555776860276,7.394114314287464,10.0,1
7.637067564458162,0,0,8.909713887766088,8.89630080424496,7.627331722524062,9.099479873352376,1
3.9902692952900622,10,0,1.0,5.13671016569079,4.179976365677883,1.724665729244709,0
9.719154261005198,3,2,8.809103818857253,8.745775422978163,9.386101153426536,10.0,1
10.0,7,7,10.0,10.0,10.0,9.640326696765111,1
9.820793707675408,1,1,10.0,10.0,10.0,9.968206417232103,1
9.171997058770867,2,3,8.43414338751156,8.944520798817459,10.0,9.768689260947445,1
10.0,0,1,7.185170940937189,9.176064513028,9.74084737557972,9.755336829595333,1
10.0,0,4,10.0,9.280890548550815,10.0,9.865337090572485,1
10.0,2,8,9.046956416761557,10.0,10.0,9.72196228217897,1
4.200807993349747,10,0,2.416308004714205,4.201490812307229,5.77484013247694,5.462219055674512,0
8.717256477817967,4,4,7.780738393248131,9.499386479349427,7.406686565703488,9.261644425983713,1
10.0,2,8,9.723211963516226,9.209100618332446,9.695588706949144,10.0,1
10.0,0,0,9.09288300319268,9.220147053778362,9.585802353460243,8.347762762580032,1
10.0,0,8,6.6916509143513965,10.0,10.0,9.507846333822899,1
8.923079273116029,7,7,10.0,7.573503061564496,9.746703539133469,10.0,1
6.147646497873713,9,3,8.059959059791796,5.732432729968441,5.14097528904283,6.196652042934812,1
7.708188731084456,10,10,8.685471718093714,7.742216142156688,7.7895949477847815,8.565579641550336,1
10.0,1,9,8.293471494362775,10.0,7.576087201412637,10.0,1
10.0,2,4,9.697762699078723,9.820906714983844,10.0,10.0,1
10.0,1,4,9.990218027155812,10.0,9.385150911187967,10.0,1
10.0,2,10,10.0,10.0,10.0,9.335714078745555,1
10.0,6,5,10.0,10.0,9.628420343214326,6.680385525127332,1
10.0,0,6,8.898739301832256,9.014196191332173,10.0,9.781099600785291,1
6.848208949904816,9,7,6.971202284525156,6.564053851976019,3.443201220227961,6.424392705342912,1
8.173642403794457,7,7,8.859563010717318,9.368405265671395,8.153709993003366,8.681118456508445,1
9.648445709196755,9,10,10.0,10.0,9.521463200199518,9.448368914129661,1
5.9132704105377645,9,1,6.970030220274849,4.5404109590567,5.368906745427745,5.496769833269932,0
6.461722021682633,9,8,7.6453070527459115,6.813201922034835,8.533193876445392,4.1485034120232465,1
10.0,1,6,10.0,8.02177475062519,8.935204649373075,8.778041822104914,1
9.231855914461006,2,3,10.0,9.278790816521376,10.0,9.851502267501731,1
8.773297776217547,8,3,9.387941970156792,10.0,9.200801122664847,10.0,1
10.0,6,10,8.708368134739644,9.052107282731013,10.0,9.873217001130689,1
10.0,3,7,10.0,9.165676954508418,9.199373098266994,10.0,1
7.6810163617351135,9,3,8.727871270543655,8.445046143307973,6.801453682786603,8.91923796577376,1
9.567855510527403,4,5,8.90328947883468,8.025053995317757,10.0,8.51369339346708,1
10.0,1,4,9.280760548901135,9.36724497011496,10.0,10.0,1
6.084732817294475,10,2,6.529596135005617,6.681173954876227,4.230808001282364,5.122095679062668,1
8.353643345009125,7,9,9.048420537910502,7.719357497319722,7.706477327653201,9.47791511504744,1
10.0,3,10,10.0,9.764030012789028,10.0,10.0,1
7.329960817581161,8,1,7.796923827745488,8.074146527896195,8.335277883437067,7.717948175757033,1
10.0,4,8,10.0,10.0,9.184923216168453,8.982621823355835,1
8.296351536758003,8,9,9.903666265110331,8.563169933053405,4.799244348977673,9.215493604252023,1
9.944877420650647,3,8,10.0,9.605755141380609,10.0,10.0,1
5.923599065593461,9,0,7.335564936744685,6.293660180862416,4.45921423766069,4.613313861536793,0
10.0,4,9,8.45121414470869,9.876267319900244,7.579193442253107,9.55831329005822,1
5.5324670857457265,8,2,6.12935766066594,5.9902726956715115,2.1336759757647576,5.833556802164246,0
8.624219456672758,7,7,10.0,8.12728743155478,9.600996488910047,9.64654753226732,1
10.0,2,5,9.672931156911439,9.81743102562046,10.0,9.27258982912369,1
10.0,0,4,8.728549107071373,9.010042207447986,9.729212343145297,6.317060622814438,1
10.0,2,4,9.021866667110409,9.964992389993764,10.0,10.0,1
8.93760647185312,3,5,7.303156915839538,8.126605608224276,9.702396091480807,9.926264427312507,1
10.0,1,6,8.822857137808445,8.885953549838007,10.0,7.7341682103673355,1
9.812855734995452,0,0,9.257093587110408,10.0,8.141573168395055,9.02301630568203,1
10.0,6,8,7.8916494712320375,10.0,9.958539251255244,10.0,1
8.28738605156475,7,2,8.310813552489154,9.070259786513322,6.3473300016271335,10.0,1
10.0,6,3,10.0,9.5688744304249,9.724741201773439,10.0,1
10.0,4,9,8.63836572977962,10.0,9.701660975479987,9.771053835852179,1
10.0,0,0,10.0,10.0,10.0,10.0,1
10.0,6,10,10.0,10.0,10.0,9.829796453336035,1
9.346833707189312,6,9,10.0,8.521180024387169,10.0,10.0,1
6.9384838434616904,8,2,5.951732012683485,7.087847325732879,7.782612003228364,5.799888715018048,1
9.004598589860972,2,1,10.0,9.368738885915633,10.0,7.957059038511506,1
6.468460976269614,8,1,4.830560125676644,6.475639443177556,6.090104989926265,7.781817939156435,1
10.0,0,0,10.0,7.913522341628916,8.870772759200346,9.94233010783497,1
10.0,0,7,10.0,10.0,10.0,10.0,1
10.0,3,2,10.0,10.0,9.037263967432548,9.12703413092529,1
7.917115067339865,8,2,6.153723158902588,7.557075798582883,9.695467989463708,7.845903198899393,1
8.88193147300892,5,5,7.539326709594014,8.1538543751536,8.542069826274641,7.682794592711781,1
4.978145100991405,10,7,5.873987428371482,5.351493660702803,4.299453459542617,4.987716586842042,0
10.0,2,8,8.577477993663699,10.0,9.434421134618658,8.07788898190156,1
10.0,0,8,10.0,10.0,10.0,9.366076552758548,1
9.377131937701119,3,3,7.32642522801075,8.119263781792231,9.187835557823336,7.510001913294566,1
6.20069776770509,8,4,7.472959086705092,6.932078020280082,5.430697583548631,7.102797970853725,1
8.795225078771784,2,1,6.94644010661902,9.385647140023247,10.0,9.726791220459331,1
9.840620026504553,8,10,10.0,9.698473489564007,8.813216217710453,7.591278476874904,1
9.94673356820138,6,8,10.0,10.0,9.989412857040971,10.0,1
10.0,3,7,8.954842272355638,10.0,10.0,10.0,1
9.233175588185311,2,2,10.0,10.0,7.275573455684824,9.292983890942555,1
8.108241850956178,9,10,8.498905245956513,6.96522253888245,8.684554452643289,7.27479331266414,1
9.477589815501497,4,8,8.66932703121239,10.0,8.211460604924959,10.0,1
10.0,4,2,8.487167973885688,9.935311394967481,10.0,8.285340952206736,1
10.0,2,8,7.056061462491131,10.0,8.844818785697228,10.0,1
7.517158520825497,8,1,8.041633591775037,7.590355511827191,8.34848135904413,7.750667475246997,1
10.0,3,9,7.652795842956918,9.84975701120174,10.0,10.0,1
8.39831089814796,10,8,8.541327197309922,9.590018395255026,9.432034728907325,8.865971565812785,1
9.668379687281952,4,7,9.273207363158578,9.58466172743274,9.969959665167675,9.020155622756965,1
10.0,3,8,10.0,8.880453871616831,9.72243886848436,8.763460318495657,1
9.175804393609083,4,4,8.722736144374286,8.782274537639355,8.48410090200727,8.731436027289107,1
9.096298139269871,6,10,8.602126459749234,9.274992856080347,10.0,7.787292570041184,1
9.324359281721604,8,10,10.0,10.0,8.484965017520432,9.386532197441692,1
6.120960208840197,6,1,6.623547252466373,6.72405489378903,4.876480920556202,5.387505175021564,1
10.0,4,7,10.0,9.149464721252956,10.0,8.057750868723325,1
6.535382702701607,9,5,7.239284087414397,9.020572619380498,5.5800185388778125,8.167072227588982,1
7.801159655872839,9,7,5.49780147106218,8.065934966850818,6.661083458913486,7.1541853754150875,1
10.0,6,10,10.0,10.0,8.267674885396282,8.351422153532093,1
6.441095026295923,9,4,7.359798217316326,6.289380592718693,5.861603218943301,6.222358151462118,1
10.0,4,9,8.474975307135255,10.0,9.900741971324209,10.0,1
8.825096343377476,2,1,8.458975632866174,9.66456484789588,9.116806416570315,6.554689600124732,1
9.371297297457245,6,5,9.312336366015797,10.0,10.0,9.802439264720736,1
4.854020319753252,10,4,4.652275143150653,5.911388625131477,5.486297828152204,3.4927154804559075,0
6.326379579546412,10,4,6.827169529399214,7.19857657961939,6.097332916082596,8.550717031494436,1
10.0,1,0,10.0,9.684913268805891,9.762165188344337,10.0,1
5.299668675394425,8,1,6.922318766903668,4.727922633438364,5.911857638092646,4.779798688252313,0
6.922255029475148,9,7,4.953926239328039,7.254862539799346,8.449339224989432,5.953536928062593,1
6.613907849658915,9,2,7.547012835117988,7.547035921999984,6.765484889038755,6.477449829826204,1
10.0,0,9,10.0,9.777279299223393,9.43704297494751,10.0,1
8.450630099273559,5,2,9.030842880307363,9.515802064987945,7.259190897970904,8.417487732112798,1
9.589187130147662,6,7,10.0,10.0,7.854940812852992,9.30688068086975,1
9.23472146856177,7,7,10.0,8.31840054948835,10.0,9.310602846625034,1
6.909699841956223,9,1,8.445264161116695,6.072779138159943,7.603274070323692,6.124683231348182,1
8.509818656928513,8,7,8.883781550391106,8.369443598023176,9.202654887056507,8.063650952032564,1
10.0,1,10,10.0,10.0,9.845608664377533,7.288469829423494,1
5.672573701202731,10,0,5.889905450848068,5.1480066874356805,7.3608953962728325,6.938417801310809,0
8.899881934895216,9,5,8.93573649982265,10.0,8.318939741393434,9.288319049313506,1
10.0,1,7,9.4728786464294,10.0,10.0,8.994507402756541,1
7.6254706953293585,4,2,9.97059073357752,7.664917743570098,7.578979221341907,10.0,1
10.0,4,7,8.772357001086998,8.564090476131472,9.269979082384795,10.0,1
7.379618836046402,5,0,9.678170423063577,6.063803019618895,8.090655204827716,6.032632192478646,1
9.827330453985963,2,10,10.0,10.0,10.0,10.0,1
10.0,7,10,7.9010407377970875,7.867404373845163,10.0,10.0,1
10.0,0,8,10.0,10.0,10.0,10.0,1
10.0,5,10,6.849960238522564,9.84184615562768,9.954528301939803,9.446517713952932,1
10.0,3,8,10.0,10.0,10.0,10.0,1
10.0,0,4,10.0,10.0,10.0,9.659714222712577,1
10.0,6,9,9.11146606652192,9.818550930752483,10.0,10.0,1
6.464513629430157,8,3,6.64983517336353,6.358176626898842,6.598672619274223,3.9880858392163265,1
10.0,3,10,10.0,10.0,10.0,9.435964498127055,1
9.740453322416084,3,5,8.981833266023179,10.0,10.0,10.0,1
10.0,5,6,8.411638619415099,8.361970942563984,10.0,9.002812307979609,1
10.0,2,4,10.0,8.213624534645314,9.635722809680901,9.215010213258857,1
9.564561297955404,5,10,10.0,8.942526492401022,9.467460492760178,8.982211557970436,1
10.0,6,9,10.0,10.0,6.195489116946334,8.420752023344765,1
6.864036554885953,10,8,8.381231107998488,7.36091014539355,7.116757562043123,3.993271545789225,1
6.908057798281145,9,2,8.920271671577467,7.977829253264995,6.321886502148713,6.608295480200448,1
7.66728731340134,9,6,6.553560964593764,6.467589785036032,9.578491311340802,7.843904564707494,1
10.0,2,9,9.272041246948197,7.683856137031123,10.0,9.931743410899752,1
9.476534017628147,6,9,10.0,10.0,8.049777914186192,9.288191887095895,1
10.0,2,10,10.0,9.171803727034765,9.940143815046259,10.0,1
10.0,1,4,10.0,7.9815121356113625,8.744654697924995,10.0,1
6.996820217165724,9,6,5.677098686912643,7.141883963125106,7.564909116020684,6.749240175457742,1
9.599941901942051,3,1,10.0,10.0,9.949078739149433,8.8536345517286,1
5.783689391563413,7,3,4.987233044845466,5.661632259442135,6.933096948893334,5.4182262612089005,0
5.2463175808536455,8,1,4.743610909096468,4.788469194671157,4.2972594308201675,5.999468368537454,0
7.732197078420808,6,6,8.24570383015524,7.572834846274901,7.773006793894584,9.567832020527032,1
10.0,0,1,10.0,9.629417237599217,8.361973845488038,9.183413139080068,1
10.0,2,10,10.0,8.651952888059833,10.0,10.0,1
5.8955507814625285,8,0,6.517849032005394,5.180870104472096,6.518196197990675,6.335415455979276,0
10.0,0,8,10.0,10.0,10.0,8.709648591252531,1
6.070052163113181,8,0,6.13532416607838,6.391730704489682,6.07199500074151,6.0965944804899745,1
9.76187830260819,7,7,10.0,9.92993810857501,10.0,7.856502288063467,1
9.372646865809427,0,1,5.5783067492679725,8.377498383956048,10.0,7.072881470948209,1
9.838368982734785,5,7,9.393457794130088,9.656865820599117,9.496255874284369,10.0,1
9.57519762978243,4,2,9.937180532157601,7.398132583339575,9.741571850234532,9.076160466052412,1
9.501094169939845,5,5,7.774573044510585,9.679570833825235,8.197742610922154,9.76405869984743,1
6.289581616598743,9,2,6.869066593316083,7.71843932441231,5.247668462680744,6.266318146487888,1
10.0,4,6,9.693293168520817,8.525867867957894,10.0,8.730679936737063,1
7.496767707000762,5,9,10.0,6.910840033683007,8.821487963043051,7.4379371144471245,1
10.0,4,8,10.0,10.0,9.692463010898113,8.396968303480689,1
4.645924316872576,10,1,3.947215963195332,5.898766951300059,4.362824481698027,6.454188382274397,0
7.369367103143542,4,4,7.143110535793499,6.921142486843393,6.881104809738293,5.606605654825589,1
10.0,3,5,9.889078651587411,9.307749670734104,9.358291994986812,9.745479147740845,1
10.0,2,3,9.322510785760565,8.031076857583917,10.0,8.645046935538577,1
9.762551485372308,2,3,10.0,9.865989614680414,7.965842311157934,10.0,1
10.0,3,3,8.862576896668614,10.0,10.0,9.569139217334046,1
7.912278257988645,8,1,6.216355255582355,8.189636719953322,7.113771500233293,7.238011522481072,1
10.0,1,3,10.0,9.977721020816286,10.0,10.0,1
10.0,8,10,10.0,10.0,8.476001683127349,10.0,1
10.0,0,0,8.793526360510011,9.988907996051397,10.0,10.0,1
10.0,0,5,10.0,9.18698562773987,10.0,8.724276282527295,1
6.398034188102832,4,0,5.450667594354835,7.2213141037805375,6.859076674509907,4.571772160997073,1
9.95393751187005,5,9,10.0,10.0,8.760623285710299,10.0,1
8.156753404683808,5,5,9.387269423602493,8.174366656617465,8.4562112322015,7.742253142540658,1
10.0,2,0,9.94958115294443,9.02463397272175,8.580332578318734,10.0,1
8.324114187567663,6,5,9.006225555779364,9.627622119502421,8.02079828145224,8.220233199106348,1
8.823204806784485,8,9,8.048560340953127,9.487907552117594,10.0,9.089802747789504,1
7.651485376040467,10,7,7.356785500898321,7.098564538673165,8.607527688525359,5.541088087116851,1
8.543602446372454,9,10,8.234813300051943,9.54542730005439,8.561821977420973,10.0,1
8.495051040430752,7,1,7.375183520620394,7.997480202045545,7.325283149323342,8.28153645988911,1
7.177350638265548,5,1,6.912189393591874,6.395347145754511,7.952055892874579,8.084213699706506,1
7.594607455237243,7,3,5.271680006941623,6.8349043377569565,7.617864940474874,6.507688283951729,1
10.0,4,10,9.263269379286843,8.22893144691191,7.215621282123492,10.0,1
5.779977488779294,7,2,5.352664248724788,6.2515198691975,6.719133280359116,4.086279296197125,0
5.788230909094715,9,3,5.403961280351645,3.9570860307563644,5.759151508451084,6.375919098832287,0
10.0,3,6,9.637753831193832,8.771556168734238,10.0,9.537233690298418,1
8.07069777548274,9,10,7.9780514756925465,5.995109766404207,6.756373152871374,8.108645430598978,1
5.807579020126144,7,0,6.526741297255239,5.721509327335251,1.9955344442909433,6.714945259295271,0
5.593682536328166,9,5,6.90545814752695,5.443362076056294,5.9285831663423885,3.991380131741802,0
10.0,1,2,9.0253521597276,9.673303786813635,10.0,9.110160750203363,1
9.495279625968998,4,10,7.690478342885281,8.45270193129842,7.466473672841255,10.0,1
9.460055963689602,8,9,7.896989345324947,8.287822210252962,8.285856508649674,10.0,1
10.0,3,6,9.26919561820761,10.0,10.0,9.820492964940074,1
6.242448500535069,10,9,5.714566523810305,5.691896568826581,5.875715763550505,7.010925453836181,1
7.490790922950136,5,1,6.335796823653951,7.807149244486281,8.367941694601596,7.351728012134112,1
9.547843594409418,0,1,7.603668598034576,8.662594908285195,8.767051801567357,10.0,1
7.2191745104191805,8,3,6.534993269207898,7.400237253190263,4.710811031795393,4.947786343364348,1
10.0,0,0,10.0,10.0,9.795690103844914,10.0,1
6.724827530354255,4,2,7.617371729107602,7.3109933307470385,6.406102058010929,4.611620286723576,1
10.0,3,8,9.163865420337519,9.58758618178352,9.520146113597955,6.741456958302268,1
10.0,2,6,9.38050326678485,10.0,9.862430997392329,10.0,1
9.971340076450467,5,6,8.581292613179501,9.730674901920255,10.0,10.0,1
10.0,1,10,9.952841244437835,10.0,9.819859658495432,9.629711980935138,1
9.148030668261182,2,3,7.87538771697496,8.822419616112679,7.631223266724345,9.009978351209503,1
7.9809460643333825,4,1,8.840637784195183,7.816610858447992,8.56436781420771,10.0,1
6.1039741431965115,8,3,3.425174405295345,6.316067496270687,3.7647280368096037,5.7683464637556465,1
10.0,1,5,9.460555491321307,9.00664130041805,7.53957105125896,10.0,1
8.521311648671942,9,10,8.972972657459556,7.505432821681963,9.408328242313823,7.677137383173896,1
10.0,7,10,10.0,8.611457446168789,10.0,10.0,1
10.0,1,2,10.0,8.39972889549629,9.931125561911157,9.690296222427698,1
4.291593233089538,10,0,4.816293269941399,3.0743105408690585,2.6170550273834516,3.7579192055408885,0
8.586285607387172,4,7,7.080203712124156,8.7457481141913,7.736792478578281,10.0,1
6.396860323744054,6,4,6.253663953110444,5.50407280825217,6.081564226520249,7.927200775883694,1
6.115864056994511,7,4,3.4514945567948327,6.629478521225607,4.200791294705574,6.29363469861351,1
10.0,0,10,9.87910037605486,10.0,9.113165610372121,7.004524483272843,1
8.908725023229934,5,3,7.659140937728796,6.94022080979188,9.69152142904195,8.439413033001593,1
9.918809297967867,0,5,10.0,10.0,10.0,10.0,1
10.0,1,2,9.175689588106698,10.0,9.496678296809739,9.700139833368379,1
10.0,0,8,9.82485112630713,9.006137325165147,10.0,10.0,1
6.346793011985549,10,4,5.393456249878945,6.7669845548805405,4.0499209272805885,8.22131813452393,1
10.0,4,2,10.0,9.143501762590802,10.0,10.0,1
9.396839315865531,9,10,8.914975166688663,9.494509692613866,8.432101218192553,8.302471194436933,1
5.731469352094168,8,0,8.48030491731297,4.466970945139202,6.100284092143732,2.5655633207764126,0
9.308807774584713,5,9,10.0,7.515701322050136,9.011504872697062,10.0,1
4.348184598670695,10,5,5.071284689673774,3.9653674090577264,5.932681410411296,3.2890017950000825,0
4.580846680757579,10,1,5.1339464017338585,4.457117734482743,3.5315239027496776,4.809842268211579,0
10.0,0,2,10.0,9.602320306385396,10.0,8.375233558533827,1
9.012820472848816,0,0,6.121311603830401,7.828789914626256,8.677411516892976,8.668011670237552,1
10.0,1,8,9.581674908773865,9.600100937868863,9.810033426388404,10.0,1
8.176851882958768,8,7,9.44458883973525,8.446146635539503,7.956227211167717,8.526023538316355,1
9.075144018191923,2,1,9.001798242980763,9.030250988069385,8.060336292798986,7.625875174633784,1
10.0,0,10,7.892215229794637,10.0,9.983081240911995,10.0,1
10.0,4,7,9.921393324133795,9.329884799545766,9.924822133453814,9.224036779848436,1
9.841940649569409,6,8,10.0,10.0,10.0,7.66513035098019,1
6.4096009225571535,5,0,8.279938495859232,5.233427586002373,6.511007097388589,6.26787047660465,1
10.0,0,4,9.906993985950953,10.0,10.0,10.0,1
10.0,4,7,10.0,10.0,10.0,10.0,1
10.0,4,10,9.450239469447922,10.0,8.739252013806638,10.0,1
8.508214423256558,5,1,5.952407043016479,8.305690196191728,9.550741423965484,8.20083093549994,1
10.0,2,3,8.613301017805668,9.47170295333702,8.576396287468175,9.844494488320597,1
10.0,4,6,10.0,10.0,10.0,8.565860304396978,1
7.887124165201824,6,2,7.476134542457867,6.46414923994015,8.630810706845267,8.95384371895609,1
8.587562625359562,4,4,8.222486656297034,7.617438364979918,6.293982355364557,8.827164408661096,1
10.0,4,7,9.55024270558768,9.60244223450828,10.0,9.453963954517588,1
9.556273792679338,4,9,10.0,10.0,8.99407845664696,7.080196691174235,1
6.208559705776523,9,2,8.647498078819618,6.588327341817418,5.298041396254073,8.086295559348137,1
6.366770009355539,9,3,9.69494035952774,5.398724250845294,7.987792806194346,4.770786055562665,1
10.0,2,8,9.761432184399924,9.689692294615096,9.215585031235097,9.231338587819383,1
10.0,0,6,10.0,9.385676855903705,9.03234768505834,10.0,1
6.118150954502361,4,0,3.8431871303711738,5.408361962268826,6.208984882508473,4.562625647300668,1
6.351275092259039,8,3,8.56667673143645,7.330164650815818,7.173982787817138,4.409712380529952,1
10.0,0,3,8.248330673098097,8.628256870736495,9.830021696787847,7.238868142489135,1
10.0,2,8,10.0,10.0,10.0,10.0,1
8.972324859074043,3,5,7.326371067624777,9.800554549258665,9.609495653430951,8.263582740929824,1
10.0,0,8,9.116699759891956,10.0,7.386146416322283,10.0,1
10.0,0,5,8.74410635342545,9.537060487974742,9.36463964379159,8.707338414679864,1
8.969457200526737,7,5,8.05764430951301,8.819516481447627,8.295246681304699,7.771570870069139,1
10.0,1,4,9.191315945276532,8.566848185475289,10.0,9.264989138628978,1
7.0537726901561975,7,4,6.231369497768582,6.529110283089395,3.9039922225072634,7.369847741836233,1
9.075310892609512,6,1,10.0,9.568965740252663,10.0,8.464046552188607,1
6.406363168243519,9,7,4.749068978649739,7.7024262300249156,7.043594482116571,7.202395046446785,1
8.519154173610001,9,7,8.849966314130802,7.41199735680755,8.697806338311231,7.246989266624751,1
10.0,1,10,10.0,9.634494063014735,10.0,8.203930765997345,1
6.829379790923355,5,0,6.0595852441532605,6.678080570690832,9.641764654298505,4.491700629691515,1
10.0,5,7,8.923121663878597,8.604210797807514,10.0,7.109353581681644,1
9.949953485401046,2,4,9.60416654763067,10.0,10.0,9.276463760083473,1
5.588693629279857,10,1,7.358281441820922,4.864703297537248,5.745521658637116,5.1974192231686684,0
10.0,1,1,10.0,9.804609648822977,9.830169095959661,9.179131864271861,1
10.0,0,5,9.203178558088602,9.548050628088122,9.429045467194118,10.0,1
10.0,5,10,10.0,9.210661494280325,9.00866560994255,10.0,1
10.0,4,8,8.346561775245366,9.992955014519445,9.175583080360603,9.564756116322148,1
3.2514680267618195,10,0,4.273507292426242,3.035858448193797,1.6308008695502396,1.0,0
8.804340242878153,8,5,9.417251204430805,8.432482360599487,8.713294502056126,8.067623602406584,1
10.0,0,8,9.538287293291674,9.271538378319658,7.9783989073283355,9.22023218790782,1
10.0,6,7,8.742121302329153,10.0,10.0,9.145724549038524,1
10.0,4,10,8.669978616574815,10.0,9.95640327034919,9.09296542493228,1
8.409033569784802,4,5,9.211259574303668,8.548920802623929,8.585355927848827,7.559531805342552,1
9.689185712045415,1,2,10.0,10.0,9.062627828021423,9.186681611378328,1
5.9942953315140635,10,7,5.038333710970871,4.604073406360601,9.686527775730667,5.16809190305384,0
10.0,2,8,10.0,10.0,10.0,10.0,1
6.691965715814259,6,0,3.561425187911156,5.594597396843192,5.198514715712592,7.160445046490579,1
10.0,5,8,9.123073404014201,8.5230750724681,10.0,8.816161386662763,1
10.0,1,5,9.953411600693647,9.260628592540964,9.270392628475213,10.0,1
10.0,5,5,8.63547487452725,10.0,8.782624327951103,8.725919007607201,1
9.837831973421698,1,3,8.433072411237305,10.0,8.229745488072977,7.73469117546176,1
9.290778126255471,1,0,8.289108791552142,9.53378284830987,9.809438155166577,9.785789619030039,1
10.0,1,9,10.0,8.46729944011007,9.182343717916511,8.937369425261359,1
6.294129933503811,10,7,6.013136405894249,6.097849282115874,7.455521162334056,6.711808845488416,1
10.0,2,1,6.642653150012542,10.0,10.0,6.87523081856931,1
10.0,1,0,6.818949771047401,10.0,10.0,10.0,1
7.565651128120079,3,1,6.655353361334316,5.721857544639333,6.542787008831155,8.439632558572601,1
5.407535740847106,8,0,6.0940656199274335,4.517217892827234,5.977974473677518,3.4569162269352036,0
7.473594243041073,5,0,3.352336978953221,7.409516478892356,8.232539303011833,5.551183982040902,1
10.0,0,8,9.250404735772554,10.0,9.430986189875242,10.0,1
5.690396480078354,7,0,4.9010246953022225,3.4942686589784073,4.764270131206904,4.731802605531008,0
8.32406104446409,6,3,10.0,8.161937068984232,10.0,7.239620741111679,1
7.726160652929083,9,9,7.148627935359788,7.869209422808035,7.999155703807548,4.7802929305350155,1
10.0,2,5,10.0,10.0,10.0,9.54398833271798,1
10.0,0,6,10.0,10.0,9.013508785806486,9.703964500713521,1
8.30642226981094,4,1,5.110572550100138,8.888993588619744,6.843280909984307,9.23656329561127,1
9.56361410947343,3,5,10.0,8.763673602771496,8.880274380082898,7.744812152833612,1
7.190390196074169,9,6,7.513484954258601,5.282388058950861,7.0415645312061725,5.214017366161377,1
9.111637040794664,7,9,9.874040000306548,8.718584283733263,7.834573032613845,9.697888466004084,1
10.0,0,9,10.0,10.0,9.98818622961954,10.0,1
5.541203937332898,9,1,2.415034528085015,6.934658464857329,3.514997711650698,3.49870588087965,0
10.0,0,1,10.0,10.0,8.655943093036154,10.0,1
10.0,3,9,9.568828720899466,10.0,10.0,10.0,1
8.00451968197084,7,6,8.435513038575355,8.384159330356807,8.729068306304313,9.42386662276788,1
8.696954404510736,4,0,8.628686036558873,8.140835657749955,8.226702286046496,8.605667934537834,1
10.0,1,7,9.363645499902935,9.86993970644638,8.778682829107657,6.721038707265665,1
10.0,5,10,9.145250607641861,10.0,8.767115738168787,9.802442402989149,1
8.969642192198094,4,2,9.463905295557607,8.027084186406217,8.521720297068518,10.0,1
10.0,1,10,7.724239454992482,10.0,10.0,8.838130175191171,1
6.947716925810278,10,5,8.073585677092927,6.625688771318219,8.061611755423467,6.443362466230591,1
5.829123847931501,10,8,5.20483224060362,7.154555957026579,5.233285765353139,5.600150293315229,0
5.373232531090195,10,5,3.678128522529658,3.9664175215926565,3.989041619908454,1.603864487261168,0
10.0,2,8,9.32498071300628,10.0,10.0,10.0,1
7.942943094763707,8,6,9.828666920057566,7.206172958816085,6.954701130012688,6.77115471089738,1
10.0,6,8,9.196997369475666,8.584732808075813,9.378096833366557,10.0,1
9.531300146192631,6,1,10.0,9.749834188603577,10.0,9.41858866919996,1
7.738051101440757,10,7,6.641616687867547,8.747522890036725,8.730589615719678,9.372955874707925,1
10.0,5,7,10.0,9.155058561406504,10.0,10.0,1
4.998942265847261,7,1,6.027203874032567,3.49992630538886,3.472639464511994,4.693540712869994,0
8.857326200265978,3,3,10.0,8.765481435931024,9.111002081230769,7.695756579990914,1
8.71221624809176,7,10,8.448870329842936,8.62478091931458,9.987404997036792,9.74942215988854,1
9.679152401748885,3,6,10.0,10.0,9.228392002830242,7.243678706607883,1
9.33185618141521,7,10,9.478957490723626,10.0,10.0,10.0,1
6.427909422302873,8,3,8.371717095097395,6.368494241030379,7.979203769724721,4.9991512452815385,1
7.920700189624212,2,3,6.842451608211117,9.776203504418476,9.91717958819638,9.548668950167844,1
10.0,2,5,10.0,10.0,10.0,10.0,1
6.627256974260193,10,9,6.33521103008517,6.280830468253293,7.3321270140274075,7.464617872465334,1
10.0,1,5,9.903717734337253,8.388432640897172,10.0,10.0,1
10.0,9,9,10.0,9.737340479683832,10.0,7.721909776316704,1
8.680615408413576,2,2,9.058976003053592,8.34422846300244,8.07913447906532,7.561667495999636,1
8.869712477253671,2,8,8.695368912570734,9.830017273535141,8.331461073420238,9.743818616148468,1
10.0,4,9,10.0,10.0,10.0,10.0,1
10.0,4,10,10.0,8.820630878367382,8.451326293664538,10.0,1
10.0,1,1,10.0,10.0,9.828089301562969,10.0,1
5.770450405547583,9,5,7.074182294292928,6.4419815772766365,7.086306947423887,4.513737947634126,0
9.796699223236523,5,6,9.113389934200717,10.0,7.167194601838186,8.761815844199699,1
9.934689543219948,4,8,8.600828300877462,10.0,10.0,10.0,1
7.994051645695864,5,2,9.427002483052494,8.75489830000734,9.340900708139655,4.985794359895726,1
10.0,0,9,10.0,10.0,9.448282461003428,10.0,1
7.097029671604846,4,2,9.306035685231318,7.485341677028296,7.749098665051018,7.6713004288956705,1
8.053739661494573,8,6,7.147768722540729,9.303244562200732,8.057516933782166,9.648884637658107,1
6.867693171765434,9,3,6.523370188724913,5.534915774285784,8.343681613891853,4.812908048713514,1
10.0,1,7,7.540773756211848,9.650560672783044,10.0,10.0,1
10.0,0,6,9.41129334090869,9.22743125124376,8.31991513218039,10.0,1
7.008050539504103,9,4,8.502906305373273,7.387203658230227,7.712765435661114,5.29090867751359,1
6.4083514325782085,10,6,5.7086083637359115,7.638573608228996,6.161598008206312,7.411173765953105,1
6.869126941245107,8,2,7.829846634046342,6.272152654524033,6.968526025866828,6.870569869338588,1
5.456807724502589,9,1,5.1710530655058715,3.066503357033151,4.58300144333881,3.4490437217798715,0
8.121571889856051,8,5,8.607657432188393,7.709351144831581,10.0,8.762321053263483,1
5.930389663956366,8,1,4.2088525792328655,6.843863395973773,7.178463847839457,7.01407383024492,0
8.477100393902186,5,2,8.604914568353037,9.014730296852065,7.589374997134625,7.695635875432685,1
7.970737186315022,7,5,3.484033229963937,8.398923434125598,6.369204458022743,9.486428662646812,1
7.326050250772168,10,4,7.04570601352919,7.0460569488976885,6.86324309359875,5.159257821946211,1
10.0,0,7,7.55429013442729,8.720969263780214,10.0,8.056817009615463,1
6.1269675317931185,9,8,7.935959306613342,6.642261853417586,6.415214544528586,6.304544146058497,1
10.0,3,10,10.0,9.165718189965375,10.0,10.0,1
9.69426769913738,0,2,10.0,10.0,10.0,8.762722164186044,1
8.54623366135118,7,9,10.0,9.116740869705694,9.709716492254667,9.598706428114632,1
10.0,0,2,8.576625218762745,9.419351697446048,10.0,10.0,1
10.0,2,2,10.0,9.388614752611371,8.332841523746811,10.0,1
7.864325786021304,3,5,9.26261313241188,7.7713815794077155,7.629487548645022,7.704248420063356,1
9.637748533659995,7,0,9.282915602831576,9.398246611638244,10.0,10.0,1
10.0,5,6,10.0,10.0,9.938172485770425,9.420654606061007,1
5.723238914129159,9,0,4.063798645511708,5.909655083873206,6.326947356477655,8.393203211241733,0
8.145105999383713,6,4,6.908334757092202,7.413474260475184,7.762608021088353,7.088796498225131,1
9.485554074857657,7,9,8.572669489998106,10.0,8.249779856607443,10.0,1
10.0,1,7,9.206533437903976,10.0,9.851987123144667,10.0,1
7.045215585950057,9,3,5.460379121809678,7.814055261918954,7.4160725175892415,5.257051429510692,1
6.755604466003449,10,4,8.590229066646437,6.14737795855869,5.968779202649717,8.534107621638631,1
7.489580681255249,7,3,7.101299080700501,7.852696308999772,7.206727187427247,7.653252486168696,1
9.702661579692673,2,3,10.0,10.0,8.575305689309495,10.0,1
8.948726716346489,6,7,8.093199666725967,7.059077424250336,10.0,10.0,1
9.10509171964732,2,1,6.3741867688245435,10.0,8.751744810541679,9.544433940035852,1
8.133770096867064,6,0,8.538856134454196,9.42441455778961,9.877076751018484,7.363856998610405,1
6.193556722280862,10,2,3.3251742591511966,5.796361406134874,8.028054142929951,7.461984113250887,1
8.95961136533572,1,8,8.856660296207517,7.857341624879864,8.862356207669627,8.960593525026693,1
7.055900776529762,9,3,5.003428218280546,7.403462390333313,5.845762297472942,7.947515940720706,1
10.0,5,9,10.0,10.0,7.496922546719995,7.2001502540711,1
10.0,2,4,10.0,10.0,8.23355551236785,10.0,1
8.911481546911116,2,1,9.070112233818337,9.103058943105205,7.2628797570327235,8.081319974222577,1
8.024112719986014,8,3,9.919672736468018,8.53035370929194,9.67827627293982,10.0,1
8.247526462122858,6,1,6.9780524959242545,9.694832161514665,8.386515966795193,9.05754001437868,1
7.527122332176392,4,1,8.342341400181532,8.095225537305037,7.994647761086777,7.838937401780477,1
6.807052287124535,9,3,7.106767937702606,5.757396788214594,4.142547076402384,7.439255278479823,1
7.528343265458714,6,5,7.9243733874592195,8.890906118171166,6.090783550398,6.230370156718981,1
6.420381835211069,8,6,8.32891208537122,8.060996398699356,7.484877566946613,8.530615532897539,1
10.0,0,9,10.0,10.0,10.0,10.0,1
8.46239347238276,6,2,8.895478966620294,7.3388994391431615,8.285747137960042,8.97318103609544,1
9.053125045376087,5,2,6.5707938910336425,9.296007058526362,9.730935875696234,10.0,1
8.713085420097292,9,9,7.273015977178096,6.630986716908304,10.0,7.973192761822998,1
8.225095786847998,8,5,8.041032386454411,8.778244943227207,7.959844830603537,7.188848150755523,1
10.0,0,2,10.0,9.451799701833227,10.0,10.0,1
8.158518404777048,3,1,6.463212817766163,10.0,8.389634707254615,8.723941754655316,1
8.53192254467394,8,7,10.0,7.757307574655358,10.0,8.019739859057882,1
10.0,3,4,10.0,8.310816962032739,7.480772482697169,10.0,1
6.254291329813574,9,0,7.1574688104023,5.783027589111055,7.074158947560144,6.652597656509013,1
10.0,2,2,10.0,8.024512228782863,9.862237301489124,8.702201192121628,1
9.408303847201063,8,9,9.089990392349335,10.0,10.0,10.0,1
10.0,1,7,8.572122309966646,7.934916953743679,9.21115293520633,10.0,1
10.0,3,3,10.0,10.0,9.94124196296986,10.0,1
9.27347874075094,5,6,9.660107550965066,7.195666920894744,10.0,10.0,1
10.0,1,9,8.137359136777564,9.679702195463358,10.0,8.417375068453962,1
6.636933036056236,7,1,7.1381976619235825,8.28031119186077,7.606576463338722,7.2452685848276435,1
7.555097355193552,7,6,7.322208781956428,7.9157452466293465,6.537418637556941,6.033732436877744,1
10.0,0,4,7.138288663183913,9.136506395035067,9.491488381572756,8.551694234296987,1
10.0,2,4,8.709422483830746,9.968796511060916,9.455903069939374,9.179789916140873,1
6.207580079000039,9,5,5.587171778867572,6.225596951044485,4.052808271844021,4.98290184035352,1
8.09203847036096,8,8,10.0,8.564668816204366,7.6959302403192344,7.37964390599748,1
7.606385333046214,4,5,8.441215019846851,6.239526969765388,8.485780231232308,7.327989929121669,1
9.813293707372939,5,7,7.810071353723101,10.0,8.284215164480784,10.0,1
10.0,3,6,10.0,7.295608368397225,10.0,9.582493249682587,1
7.08291136893181,9,8,4.761955385524262,6.453026816567999,7.668241154233016,5.021597950131339,1
10.0,1,3,10.0,9.511726157548456,9.118920013634755,10.0,1
6.237570137626558,10,1,5.53088315989974,6.870896963697796,6.067734572821141,5.149352963927006,1
6.692440135631027,7,6,6.551985852522271,6.715070988307896,8.610426304800267,6.616103580395009,1
5.737275221433785,10,5,7.72597019274707,4.331712167577499,6.617532597640825,6.31777268045671,0
6.730857650212702,5,0,4.800112297336327,5.745864524395687,6.741398036090479,6.990351194136319,1
10.0,4,10,7.904322722330513,10.0,9.714780019646819,10.0,1
9.229474841931749,8,8,8.354075852412741,9.150407500067193,9.32140572647374,9.852178928342335,1
10.0,0,8,10.0,9.420875890364254,9.385883730469235,8.88029754639376,1
8.03548515868939,4,1,5.756466045474126,7.554651369177411,5.5097857518265725,10.0,1
6.096137635593246,5,2,1.8479042384273932,6.7923056327525355,8.546751128234924,6.34877113793295,1
9.835418030209226,4,4,9.158679742595728,9.31772545734001,10.0,9.643875735601268,1
7.460741605146527,5,4,8.288352805012908,7.372650361117454,7.938518323293572,8.71384465511877,1
7.559932630266328,5,0,9.36032525487457,9.72986921834687,7.490443330414037,7.884218859975422,1
9.377376937958191,6,7,8.682634894830093,7.953694301074268,8.495236777088685,9.896373588779316,1
10.0,3,7,9.382860089325996,8.148157268425342,9.776890622861474,10.0,1
4.5911796008808885,10,3,6.3220307022645095,5.374769265679495,2.671905886247715,4.233521744149328,0
5.280487844179175,7,6,2.4758752946360447,4.601844782885072,8.01299164184314,4.867398681956561,0
10.0,6,10,9.417218837225485,9.681762472257379,8.518585601893125,10.0,1
10.0,8,9,10.0,9.218843621868885,8.761640459383385,10.0,1
8.838946352939438,6,2,9.512774434866989,8.579146212171926,8.310635307675756,6.880452113691919,1
10.0,2,5,9.235289960213676,10.0,10.0,7.444777341080544,1
10.0,2,9,10.0,10.0,10.0,9.236750148193808,1
10.0,7,9,6.267508969880516,10.0,8.516637044763446,7.8759001532229265,1
9.426453800295532,4,8,8.439081181794759,8.010226744502885,10.0,8.874173048512201,1
8.97635776935622,3,0,9.656620838187921,7.8252040328033505,9.853558521498798,9.629607374324298,1
8.205470159166627,7,4,6.732029107784607,5.3663914996812,8.85159210782637,7.047496636548684,1
9.46020990749888,5,3,9.548686239883276,8.650829086416126,10.0,7.605335357683135,1
10.0,1,7,10.0,10.0,10.0,10.0,1
10.0,3,10,9.486176198713352,10.0,10.0,10.0,1
4.491036374292501,10,0,4.746732030787357,4.269523111340377,3.666977962688547,2.287570904220905,0
10.0,3,8,8.555901152073082,9.977699716281947,10.0,10.0,1
7.230924095110882,5,5,6.921007175566812,6.542038552535476,7.690725922821562,8.293422159970707,1
7.705286868910942,5,3,8.620611123294776,7.910045751312727,8.304201848276241,8.945597501714559,1
10.0,0,8,10.0,10.0,7.969275002028006,10.0,1
8.975911602065407,7,10,8.096114697719504,7.360024814654935,8.771448683599573,10.0,1
8.852354872033722,5,4,9.188679478469911,9.15200255987107,7.876966563629844,8.38943520882895,1
9.3775800676178,2,4,10.0,10.0,10.0,9.520023121719015,1
8.321030667324472,8,4,5.246118749458255,7.905930378361102,9.606327267807838,7.779660704102039,1
9.500207064918197,1,0,10.0,10.0,7.010823443698623,9.50277696310075,1
4.990699678861386,10,0,4.486317570839778,7.805354123333939,4.964257842056261,6.983435041188591,0
8.272105283487083,7,7,8.910340183347428,8.167762490500191,9.618339089240186,6.523586454377213,1
7.755190683858979,9,7,9.55106106932682,8.148497733864303,7.5311759290828455,6.63582611004373,1
10.0,2,5,7.942489454154301,9.261942916338608,10.0,10.0,1
10.0,4,10,8.93583849635868,10.0,10.0,10.0,1
7.741883510924744,5,3,7.309060467111187,8.202155135907049,8.151875789267896,7.269812370062542,1
5.496273971223335,9,1,4.320643689536693,5.691116311493473,5.170695997541378,6.606996572680271,0
6.454129076526785,5,1,9.056533940281998,5.434433756817928,4.994232111563933,6.897709671766428,1
10.0,3,8,8.714841859259812,10.0,8.654163823089966,10.0,1
9.72377912645534,2,4,8.890458957225041,10.0,10.0,9.820641598430145,1
10.0,3,3,10.0,10.0,10.0,10.0,1
10.0,0,9,8.196775710885866,10.0,9.83378530647133,10.0,1
8.693589911367544,3,0,8.100068843733148,8.456577941354917,8.18492186058072,9.47111881292925,1
10.0,0,6,10.0,10.0,9.633773385423098,10.0,1
10.0,0,2,9.500709393426233,10.0,10.0,10.0,1
7.39046484992889,9,5,7.250384561578967,6.439554120241658,6.988171951687257,6.915599734263839,1
8.596778247067503,5,4,7.802780078394947,8.915299251866378,6.98750059110562,10.0,1
9.465362349399628,4,4,7.193656885628478,8.473665685959318,10.0,9.699454698404404,1
7.417241342388418,10,10,7.899631159397275,6.784361067503626,7.171389345750757,7.062428026095251,1
7.261182841723571,3,4,9.893582449194433,7.450511149015945,7.2988578803629025,6.174787135197524,1
4.865720837813696,10,0,4.893323283988853,5.16296511119382,6.794814805493108,6.292107086902066,0
10.0,2,0,10.0,8.81076753492287,9.975327331179392,10.0,1
10.0,0,2,10.0,10.0,10.0,9.353439317161678,1
10.0,5,9,8.09600425517995,10.0,8.58529181044201,10.0,1
10.0,1,3,10.0,9.295271564389116,9.736396657178847,8.038877241323286,1
7.788657590961438,7,4,8.09215078559564,6.251072794512263,8.52008884521176,8.02911933855654,1
5.997315707405596,9,1,8.44510105603926,5.852411128324165,4.130867226796105,6.585898965105299,0
9.482348104565649,4,7,8.382798611279664,9.036404390704488,9.7233622163045,10.0,1
9.68392714397295,6,10,10.0,9.797067601025972,9.804876431146717,8.681862700425654,1
9.115771149771142,9,10,10.0,8.752654488615576,9.165316096476069,7.45391273232812,1
10.0,1,1,10.0,7.99254313925499,10.0,8.835943650797446,1
8.760553724319001,7,8,9.111590405848723,8.372206786017843,9.161879942137228,7.023014673909605,1
9.349810735148589,1,1,8.977017808036916,9.044191624080275,10.0,10.0,1
10.0,3,8,10.0,10.0,8.807692581287156,10.0,1
10.0,0,6,10.0,9.30180032538895,10.0,10.0,1
8.656145183866458,4,7,5.70554062848573,10.0,8.757505327534396,10.0,1
6.703819046862762,8,10,5.028039354302258,4.792178496211005,5.420713654356666,6.877964941617067,1
9.749463150508417,0,1,9.470694522219295,10.0,10.0,9.62581800849742,1
6.579287574085841,8,6,7.044286048834174,6.354968603207737,9.368895541109222,6.146338669315951,1
5.991859802352689,10,5,5.906977069002846,6.851444674696245,5.971452512972092,5.588351513561854,0
7.252219681182529,7,3,9.080675865873024,7.332021165241263,7.85824498711105,5.240077657980788,1
8.846751590976988,5,6,5.920098794919051,9.986307127002457,8.948173761955381,9.190282783666529,1
9.352467534470746,6,3,9.567849439228485,8.965105569917935,8.496165930582135,9.300033451192489,1
9.626744764602321,2,1,6.899775926521589,8.52812433942451,7.441832431239902,10.0,1
10.0,0,9,10.0,10.0,9.153071820285561,10.0,1
10.0,4,6,9.858311928336995,9.886519354117858,8.329649942857923,9.78848518796018,1
10.0,1,7,10.0,10.0,10.0,8.86744906099008,1
9.339111787420268,4,1,8.04328734653562,10.0,9.200980154712381,9.432910995288559,1
7.62423571346454,7,4,9.543433110951167,6.592280471370105,7.209132518607936,8.58394411352555,1
5.670480617241212,10,0,7.2330676133294896,6.265971514880469,6.737465206986579,4.184139928832193,0
6.728142766959844,8,6,7.603459221477675,6.1382480104969535,5.382041443532779,6.8418586467448055,1
10.0,1,7,9.805724129704839,9.867830644355628,9.079763154394538,10.0,1
10.0,2,5,10.0,10.0,10.0,9.066515781296257,1
10.0,2,4,8.939661148018978,8.499778138553063,10.0,9.2357868036196,1
10.0,0,5,10.0,9.221162957179565,10.0,10.0,1
5.930336918725305,7,1,8.404558260211186,7.281409811138444,6.228327089744364,4.4568895949448954,0
8.62543478441477,5,0,10.0,9.511625972999566,8.71917606669799,9.08033561423898,1
7.110588107132672,7,6,6.016184402421558,7.047948529805438,7.590871133764803,5.946627421375712,1
8.442672953255963,10,6,8.984798929165617,8.685796411768855,8.684656439411068,9.824382754199144,1
7.7993792653521306,8,9,5.859666949714159,7.505136759715673,6.563412535619808,10.0,1
10.0,4,10,10.0,10.0,10.0,8.881016157787634,1
10.0,2,9,10.0,9.799647422205837,8.711573609298696,10.0,1
8.903187431082344,4,1,6.0984629217840975,9.135029523217192,9.000486482563332,7.958422954735719,1
7.755885997885808,4,1,6.013210232017262,8.901916142027872,7.179108468099918,9.109126423822934,1
7.837207093927706,4,0,7.412498748812055,7.0598356090818,10.0,6.192371162116926,1
10.0,2,9,9.54871037928876,10.0,9.952126739497945,10.0,1
6.097812544218527,10,7,4.283597141090319,4.5673511344751505,4.412725064704621,4.962926887262369,1
8.340824345420126,9,7,8.9242924394484,9.970466476532925,8.179808092607816,8.071744379592246,1
7.986786433528414,3,0,8.363996846939182,7.61411084957644,8.61001692829388,6.646453575836915,1
8.771400084659982,8,10,8.479996386692203,8.5287013368347,10.0,9.840455696824462,1
6.605650625391488,9,7,5.471963375153943,4.715640454208545,5.898307745465026,5.517576164620024,1
5.83766634120469,8,8,7.410727030829535,5.382871623826997,3.938752772376322,6.555219878336066,0
10.0,1,3,10.0,8.960193468973117,10.0,9.552672563258968,1
8.912615421612916,7,0,8.18727319584311,8.304969076239443,7.255896974533335,8.763801338274394,1
7.2846042878980235,7,0,6.366353912165792,7.147293322109144,6.761217758089042,7.476686967518191,1
